{
    "items": [
        {
            "category": "module",
            "module": "selector/module_File.py",
            "name": "Input File",
            "order": 0,
            "parentUid": -1,
            "uid": 0
        },
        {
            "category": "parameter",
            "parentUid": 0,
            "uid": 0,
            "value": ""
        },
        {
            "category": "output",
            "parentUid": 0,
            "uid": 0,
            "value": {
                "color": "#ff0000",
                "lutParams": {
                    "x": 0,
                    "y": 1
                },
                "visible": false
            }
        },
        {
            "category": "module",
            "module": "selector/module_Directory.py",
            "name": "Output Directory",
            "order": 3,
            "parentUid": -1,
            "uid": 1
        },
        {
            "category": "parameter",
            "parentUid": 1,
            "uid": 0,
            "value": ""
        },
        {
            "category": "output",
            "parentUid": 1,
            "uid": 0,
            "value": {
                "color": "#00ff00",
                "lutParams": {
                    "x": 0,
                    "y": 1
                },
                "visible": false
            }
        }
    ],
    "uidCounter": 10
}
