{
    "items": [
        {
            "category": "module",
            "module": "selector/module_File.py",
            "name": "Input Path",
            "order": 0,
            "parentUid": -1,
            "uid": 40
        },
        {
            "category": "parameter",
            "parentUid": 40,
            "uid": 0,
            "value": ""
        },
        {
            "category": "output",
            "parentUid": 40,
            "uid": 0,
            "value": {
                "color": "#ff0000",
                "lutParams": {
                    "x": 0,
                    "y": 1
                },
                "visible": false
            }
        },
        {
            "category": "module",
            "module": "selector/module_Directory.py",
            "name": "Output Path",
            "order": 3,
            "parentUid": -1,
            "uid": 41
        },
        {
            "category": "parameter",
            "parentUid": 41,
            "uid": 0,
            "value": ""
        },
        {
            "category": "output",
            "parentUid": 41,
            "uid": 0,
            "value": {
                "color": "#00ff00",
                "lutParams": {
                    "x": 0,
                    "y": 1
                },
                "visible": false
            }
        },
        {
            "category": "module",
            "module": "selector/module_Source.py",
            "name": "Load Channel",
            "order": 6,
            "parentUid": -1,
            "uid": 42
        },
        {
            "category": "input",
            "connection": {
                "parentUid": 40,
                "uid": 0
            },
            "parentUid": 42,
            "uid": 0
        },
        {
            "category": "parameter",
            "parentUid": 42,
            "uid": 1,
            "value": 1
        },
        {
            "category": "parameter",
            "parentUid": 42,
            "uid": 2,
            "value": 2
        },
        {
            "category": "output",
            "parentUid": 42,
            "uid": 0,
            "value": {
                "color": "#00ff00",
                "lutParams": {
                    "x": 0,
                    "y": 0
                },
                "visible": true
            }
        },
        {
            "category": "output",
            "parentUid": 42,
            "uid": 1,
            "value": {
                "color": "#ff0000",
                "lutParams": {
                    "x": 0,
                    "y": 0
                },
                "visible": true
            }
        },
        {
            "category": "module",
            "module": "selector/module_Threshold.py",
            "name": "Channel A",
            "order": 12,
            "parentUid": -1,
            "uid": 43
        },
        {
            "category": "input",
            "connection": {
                "parentUid": 42,
                "uid": 0
            },
            "parentUid": 43,
            "uid": 0
        },
        {
            "category": "parameter",
            "parentUid": 43,
            "uid": 1,
            "value": {
                "first": 7,
                "second": 12
            }
        },
        {
            "category": "parameter",
            "parentUid": 43,
            "uid": 2,
            "value": null
        },
        {
            "category": "parameter",
            "parentUid": 43,
            "uid": 3,
            "value": false
        },
        {
            "category": "output",
            "parentUid": 43,
            "uid": 0,
            "value": {
                "color": "#00ff00",
                "lutParams": {
                    "x": 0,
                    "y": 0
                },
                "visible": false
            }
        },
        {
            "category": "module",
            "module": "selector/module_Threshold.py",
            "name": "Channel B",
            "order": 18,
            "parentUid": -1,
            "uid": 44
        },
        {
            "category": "input",
            "connection": {
                "parentUid": 42,
                "uid": 1
            },
            "parentUid": 44,
            "uid": 0
        },
        {
            "category": "parameter",
            "parentUid": 44,
            "uid": 1,
            "value": {
                "first": 7,
                "second": 12
            }
        },
        {
            "category": "parameter",
            "parentUid": 44,
            "uid": 2,
            "value": null
        },
        {
            "category": "parameter",
            "parentUid": 44,
            "uid": 3,
            "value": false
        },
        {
            "category": "output",
            "parentUid": 44,
            "uid": 0,
            "value": {
                "color": "#ff0000",
                "lutParams": {
                    "x": 0,
                    "y": 0
                },
                "visible": false
            }
        },
        {
            "category": "module",
            "module": "selector/module_Analyze.py",
            "name": "Channel A",
            "order": 24,
            "parentUid": -1,
            "uid": 45
        },
        {
            "category": "input",
            "connection": {
                "parentUid": 42,
                "uid": 0
            },
            "parentUid": 45,
            "uid": 0
        },
        {
            "category": "input",
            "connection": {
                "parentUid": 43,
                "uid": 0
            },
            "parentUid": 45,
            "uid": 1
        },
        {
            "category": "parameter",
            "parentUid": 45,
            "uid": 2,
            "value": 0
        },
        {
            "category": "parameter",
            "parentUid": 45,
            "uid": 3,
            "value": null
        },
        {
            "category": "parameter",
            "parentUid": 45,
            "uid": 4,
            "value": 0
        },
        {
            "category": "parameter",
            "parentUid": 45,
            "uid": 5,
            "value": null
        },
        {
            "category": "parameter",
            "parentUid": 45,
            "uid": 6,
            "value": false
        },
        {
            "category": "parameter",
            "parentUid": 45,
            "uid": 7,
            "value": false
        },
        {
            "category": "parameter",
            "parentUid": 45,
            "uid": 8,
            "value": false
        },
        {
            "category": "output",
            "parentUid": 45,
            "uid": 0,
            "value": {
                "color": "#00ff00",
                "lutParams": {
                    "x": 0,
                    "y": 0
                },
                "visible": false
            }
        },
        {
            "category": "output",
            "parentUid": 45,
            "uid": 1,
            "value": {
                "color": "#00ff00",
                "lutParams": {
                    "x": 0,
                    "y": 0
                },
                "visible": true
            }
        },
        {
            "category": "output",
            "parentUid": 45,
            "uid": 2,
            "value": {
                "color": "#00ff00",
                "lutParams": {
                    "x": 0,
                    "y": 1
                },
                "visible": false
            }
        },
        {
            "category": "module",
            "module": "selector/module_Analyze.py",
            "name": "Channel B",
            "order": 37,
            "parentUid": -1,
            "uid": 46
        },
        {
            "category": "input",
            "connection": {
                "parentUid": 42,
                "uid": 1
            },
            "parentUid": 46,
            "uid": 0
        },
        {
            "category": "input",
            "connection": {
                "parentUid": 44,
                "uid": 0
            },
            "parentUid": 46,
            "uid": 1
        },
        {
            "category": "parameter",
            "parentUid": 46,
            "uid": 2,
            "value": 0
        },
        {
            "category": "parameter",
            "parentUid": 46,
            "uid": 3,
            "value": null
        },
        {
            "category": "parameter",
            "parentUid": 46,
            "uid": 4,
            "value": 0
        },
        {
            "category": "parameter",
            "parentUid": 46,
            "uid": 5,
            "value": null
        },
        {
            "category": "parameter",
            "parentUid": 46,
            "uid": 6,
            "value": false
        },
        {
            "category": "parameter",
            "parentUid": 46,
            "uid": 7,
            "value": false
        },
        {
            "category": "parameter",
            "parentUid": 46,
            "uid": 8,
            "value": false
        },
        {
            "category": "output",
            "parentUid": 46,
            "uid": 0,
            "value": {
                "color": "#ff0000",
                "lutParams": {
                    "x": 0,
                    "y": 0
                },
                "visible": false
            }
        },
        {
            "category": "output",
            "parentUid": 46,
            "uid": 1,
            "value": {
                "color": "#ff0000",
                "lutParams": {
                    "x": 0,
                    "y": 0
                },
                "visible": true
            }
        },
        {
            "category": "output",
            "parentUid": 46,
            "uid": 2,
            "value": {
                "color": "#0000ff",
                "lutParams": {
                    "x": 0,
                    "y": 1
                },
                "visible": false
            }
        },
        {
            "category": "module",
            "module": "selector/module_Colocalize.py",
            "name": "Colocalize A/B",
            "order": 50,
            "parentUid": -1,
            "uid": 47
        },
        {
            "category": "input",
            "connection": {
                "parentUid": 40,
                "uid": 0
            },
            "parentUid": 47,
            "uid": 0
        },
        {
            "category": "input",
            "connection": {
                "parentUid": 41,
                "uid": 0
            },
            "parentUid": 47,
            "uid": 1
        },
        {
            "category": "input",
            "connection": {
                "parentUid": 45,
                "uid": 0
            },
            "parentUid": 47,
            "uid": 2
        },
        {
            "category": "input",
            "connection": {
                "parentUid": 45,
                "uid": 2
            },
            "parentUid": 47,
            "uid": 3
        },
        {
            "category": "input",
            "connection": {
                "parentUid": 46,
                "uid": 0
            },
            "parentUid": 47,
            "uid": 4
        },
        {
            "category": "input",
            "connection": {
                "parentUid": 46,
                "uid": 2
            },
            "parentUid": 47,
            "uid": 5
        },
        {
            "category": "parameter",
            "parentUid": 47,
            "uid": 6,
            "value": 0
        },
        {
            "category": "parameter",
            "parentUid": 47,
            "uid": 7,
            "value": 1
        },
        {
            "category": "parameter",
            "parentUid": 47,
            "uid": 8,
            "value": 0
        },
        {
            "category": "parameter",
            "parentUid": 47,
            "uid": 9,
            "value": 1
        },
        {
            "category": "parameter",
            "parentUid": 47,
            "uid": 10,
            "value": 0
        },
        {
            "category": "parameter",
            "parentUid": 47,
            "uid": 11,
            "value": null
        },
        {
            "category": "parameter",
            "parentUid": 47,
            "uid": 12,
            "value": false
        },
        {
            "category": "parameter",
            "parentUid": 47,
            "uid": 13,
            "value": false
        },
        {
            "category": "parameter",
            "parentUid": 47,
            "uid": 14,
            "value": false
        },
        {
            "category": "output",
            "parentUid": 47,
            "uid": 0,
            "value": {
                "color": "#0000ff",
                "lutParams": {
                    "x": 0,
                    "y": 0
                },
                "visible": false
            }
        },
        {
            "category": "output",
            "parentUid": 47,
            "uid": 1,
            "value": {
                "color": "#0000ff",
                "lutParams": {
                    "x": 0,
                    "y": 0
                },
                "visible": true
            }
        },
        {
            "category": "output",
            "parentUid": 47,
            "uid": 2,
            "value": {
                "color": "#00ffff",
                "lutParams": {
                    "x": 0,
                    "y": 1
                },
                "visible": false
            }
        },
        {
            "category": "output",
            "parentUid": 47,
            "uid": 3,
            "value": {
                "color": "#ff00ff",
                "lutParams": {
                    "x": 0,
                    "y": 1
                },
                "visible": false
            }
        }
    ],
    "uidCounter": 48
}
