{
    "items": [
        {
            "category": "module",
            "module": "selector/module_File.py",
            "name": "Input Path",
            "order": 0,
            "parentUid": -1,
            "uid": 0
        },
        {
            "category": "parameter",
            "parentUid": 0,
            "uid": 0,
            "value": ""
        },
        {
            "category": "output",
            "parentUid": 0,
            "uid": 0,
            "value": {
                "color": "#ff0000",
                "lutParams": {
                    "x": 0,
                    "y": 1
                },
                "visible": false
            }
        },
        {
            "category": "module",
            "module": "selector/module_Directory.py",
            "name": "Output Path",
            "order": 3,
            "parentUid": -1,
            "uid": 1
        },
        {
            "category": "parameter",
            "parentUid": 1,
            "uid": 0,
            "value": ""
        },
        {
            "category": "output",
            "parentUid": 1,
            "uid": 0,
            "value": {
                "color": "#00ff00",
                "lutParams": {
                    "x": 0,
                    "y": 1
                },
                "visible": false
            }
        },
        {
            "category": "module",
            "module": "native://ics source",
            "name": "Load Channels",
            "order": 6,
            "parentUid": -1,
            "uid": 18
        },
        {
            "category": "input",
            "connection": {
                "parentUid": 0,
                "uid": 0
            },
            "parentUid": 18,
            "uid": 0
        },
        {
            "category": "parameter",
            "parentUid": 18,
            "uid": 1,
            "value": 0
        },
        {
            "category": "parameter",
            "parentUid": 18,
            "uid": 2,
            "value": 1
        },
        {
            "category": "output",
            "parentUid": 18,
            "uid": 0,
            "value": {
                "color": "#b00000",
                "lutParams": {
                    "x": 0,
                    "y": 0
                },
                "visible": false
            }
        },
        {
            "category": "output",
            "parentUid": 18,
            "uid": 1,
            "value": {
                "color": "#35ff00",
                "lutParams": {
                    "x": 0,
                    "y": 0
                },
                "visible": false
            }
        },
        {
            "category": "module",
            "module": "selector/module_Threshold.py",
            "name": "Channel A",
            "order": 12,
            "parentUid": -1,
            "uid": 19
        },
        {
            "category": "input",
            "connection": {
                "parentUid": 18,
                "uid": 0
            },
            "parentUid": 19,
            "uid": 0
        },
        {
            "category": "parameter",
            "parentUid": 19,
            "uid": 1,
            "value": {
                "first": 7,
                "second": 12
            }
        },
        {
            "category": "parameter",
            "parentUid": 19,
            "uid": 2,
            "value": null
        },
        {
            "category": "parameter",
            "parentUid": 19,
            "uid": 3,
            "value": false
        },
        {
            "category": "output",
            "parentUid": 19,
            "uid": 0,
            "value": {
                "color": "#00ff00",
                "lutParams": {
                    "x": 0,
                    "y": 0
                },
                "visible": false
            }
        },
        {
            "category": "module",
            "module": "selector/module_Threshold.py",
            "name": "Channel B",
            "order": 18,
            "parentUid": -1,
            "uid": 20
        },
        {
            "category": "input",
            "connection": {
                "parentUid": 18,
                "uid": 1
            },
            "parentUid": 20,
            "uid": 0
        },
        {
            "category": "parameter",
            "parentUid": 20,
            "uid": 1,
            "value": {
                "first": 7,
                "second": 12
            }
        },
        {
            "category": "parameter",
            "parentUid": 20,
            "uid": 2,
            "value": null
        },
        {
            "category": "parameter",
            "parentUid": 20,
            "uid": 3,
            "value": false
        },
        {
            "category": "output",
            "parentUid": 20,
            "uid": 0,
            "value": {
                "color": "#ff0000",
                "lutParams": {
                    "x": 0,
                    "y": 0
                },
                "visible": false
            }
        },
        {
            "category": "module",
            "module": "selector/module_Analyze.py",
            "name": "Channel A",
            "order": 24,
            "parentUid": -1,
            "uid": 21
        },
        {
            "category": "input",
            "connection": {
                "parentUid": 18,
                "uid": 0
            },
            "parentUid": 21,
            "uid": 0
        },
        {
            "category": "input",
            "connection": {
                "parentUid": 19,
                "uid": 0
            },
            "parentUid": 21,
            "uid": 1
        },
        {
            "category": "parameter",
            "parentUid": 21,
            "uid": 2,
            "value": 0
        },
        {
            "category": "parameter",
            "parentUid": 21,
            "uid": 3,
            "value": null
        },
        {
            "category": "parameter",
            "parentUid": 21,
            "uid": 4,
            "value": 0
        },
        {
            "category": "parameter",
            "parentUid": 21,
            "uid": 5,
            "value": null
        },
        {
            "category": "parameter",
            "parentUid": 21,
            "uid": 6,
            "value": false
        },
        {
            "category": "parameter",
            "parentUid": 21,
            "uid": 7,
            "value": false
        },
        {
            "category": "parameter",
            "parentUid": 21,
            "uid": 8,
            "value": false
        },
        {
            "category": "output",
            "parentUid": 21,
            "uid": 0,
            "value": {
                "color": "#00ff00",
                "lutParams": {
                    "x": 0,
                    "y": 0
                },
                "visible": false
            }
        },
        {
            "category": "output",
            "parentUid": 21,
            "uid": 1,
            "value": {
                "color": "#00ff00",
                "lutParams": {
                    "x": 0,
                    "y": 0
                },
                "visible": true
            }
        },
        {
            "category": "output",
            "parentUid": 21,
            "uid": 2,
            "value": {
                "color": "#00ff00",
                "lutParams": {
                    "x": 0,
                    "y": 1
                },
                "visible": false
            }
        },
        {
            "category": "module",
            "module": "selector/module_Analyze.py",
            "name": "Channel B",
            "order": 37,
            "parentUid": -1,
            "uid": 22
        },
        {
            "category": "input",
            "connection": {
                "parentUid": 18,
                "uid": 1
            },
            "parentUid": 22,
            "uid": 0
        },
        {
            "category": "input",
            "connection": {
                "parentUid": 20,
                "uid": 0
            },
            "parentUid": 22,
            "uid": 1
        },
        {
            "category": "parameter",
            "parentUid": 22,
            "uid": 2,
            "value": 0
        },
        {
            "category": "parameter",
            "parentUid": 22,
            "uid": 3,
            "value": null
        },
        {
            "category": "parameter",
            "parentUid": 22,
            "uid": 4,
            "value": 0
        },
        {
            "category": "parameter",
            "parentUid": 22,
            "uid": 5,
            "value": null
        },
        {
            "category": "parameter",
            "parentUid": 22,
            "uid": 6,
            "value": false
        },
        {
            "category": "parameter",
            "parentUid": 22,
            "uid": 7,
            "value": false
        },
        {
            "category": "parameter",
            "parentUid": 22,
            "uid": 8,
            "value": false
        },
        {
            "category": "output",
            "parentUid": 22,
            "uid": 0,
            "value": {
                "color": "#ff0000",
                "lutParams": {
                    "x": 0,
                    "y": 0
                },
                "visible": false
            }
        },
        {
            "category": "output",
            "parentUid": 22,
            "uid": 1,
            "value": {
                "color": "#ff0000",
                "lutParams": {
                    "x": 0,
                    "y": 0
                },
                "visible": true
            }
        },
        {
            "category": "output",
            "parentUid": 22,
            "uid": 2,
            "value": {
                "color": "#0000ff",
                "lutParams": {
                    "x": 0,
                    "y": 1
                },
                "visible": false
            }
        },
        {
            "category": "module",
            "module": "selector/module_Colocalize.py",
            "name": "Colocalize A/B",
            "order": 50,
            "parentUid": -1,
            "uid": 23
        },
        {
            "category": "input",
            "connection": {
                "parentUid": 0,
                "uid": 0
            },
            "parentUid": 23,
            "uid": 0
        },
        {
            "category": "input",
            "connection": {
                "parentUid": 1,
                "uid": 0
            },
            "parentUid": 23,
            "uid": 1
        },
        {
            "category": "input",
            "connection": {
                "parentUid": 21,
                "uid": 0
            },
            "parentUid": 23,
            "uid": 2
        },
        {
            "category": "input",
            "connection": {
                "parentUid": 21,
                "uid": 2
            },
            "parentUid": 23,
            "uid": 3
        },
        {
            "category": "input",
            "connection": {
                "parentUid": 22,
                "uid": 0
            },
            "parentUid": 23,
            "uid": 4
        },
        {
            "category": "input",
            "connection": {
                "parentUid": 22,
                "uid": 2
            },
            "parentUid": 23,
            "uid": 5
        },
        {
            "category": "parameter",
            "parentUid": 23,
            "uid": 6,
            "value": 0
        },
        {
            "category": "parameter",
            "parentUid": 23,
            "uid": 7,
            "value": 1
        },
        {
            "category": "parameter",
            "parentUid": 23,
            "uid": 8,
            "value": 0
        },
        {
            "category": "parameter",
            "parentUid": 23,
            "uid": 9,
            "value": 1
        },
        {
            "category": "parameter",
            "parentUid": 23,
            "uid": 10,
            "value": 0
        },
        {
            "category": "parameter",
            "parentUid": 23,
            "uid": 11,
            "value": null
        },
        {
            "category": "parameter",
            "parentUid": 23,
            "uid": 12,
            "value": false
        },
        {
            "category": "parameter",
            "parentUid": 23,
            "uid": 13,
            "value": false
        },
        {
            "category": "parameter",
            "parentUid": 23,
            "uid": 14,
            "value": false
        },
        {
            "category": "output",
            "parentUid": 23,
            "uid": 0,
            "value": {
                "color": "#0000ff",
                "lutParams": {
                    "x": 0,
                    "y": 0
                },
                "visible": false
            }
        },
        {
            "category": "output",
            "parentUid": 23,
            "uid": 1,
            "value": {
                "color": "#0000ff",
                "lutParams": {
                    "x": 0,
                    "y": 0
                },
                "visible": true
            }
        },
        {
            "category": "output",
            "parentUid": 23,
            "uid": 2,
            "value": {
                "color": "#00ffff",
                "lutParams": {
                    "x": 0,
                    "y": 1
                },
                "visible": false
            }
        },
        {
            "category": "output",
            "parentUid": 23,
            "uid": 3,
            "value": {
                "color": "#ff00ff",
                "lutParams": {
                    "x": 0,
                    "y": 1
                },
                "visible": false
            }
        }
    ],
    "uidCounter": 24
}
